catname,field
Apparel > Backpacks & Bags,Size
Apparel > Backpacks & Bags,Age Group
Apparel > Backpacks & Bags,Sport
Apparel > Base Layers & Compression,Size
Apparel > Base Layers & Compression,Age Group
Apparel > Base Layers & Compression,Sport
Apparel > Hats,Size
Apparel > Hats,Sport
Apparel > Hats,Age Group
Apparel > Jackets & Coats,Size
Apparel > Jackets & Coats,Age Group
Apparel > Jackets & Coats,Sport
Apparel > Jerseys,Size
Apparel > Jerseys,Age Group
Apparel > Jerseys,Sport
Apparel > Other,Size
Apparel > Other,Age Group
Apparel > Other,Sport
Apparel > Pants,Size
Apparel > Pants,Age Group
Apparel > Pants,Sport
Apparel > Shirts,Size
Apparel > Shirts,Age Group
Apparel > Shirts,Sport
Apparel > Shorts,Size
Apparel > Shorts,Age Group
Apparel > Shorts,Sport
Apparel > Socks,Size
Apparel > Socks,Age Group
Apparel > Socks,Sport
Apparel > Sunglasses,Sport
Apparel > Sunglasses,Size
Apparel > Sunglasses,Age Group
Apparel > Sweatshirts & Hoodies,Size
Apparel > Sweatshirts & Hoodies,Age Group
Apparel > Sweatshirts & Hoodies,Sport
Apparel > Swimsuits,Size
Apparel > Swimsuits,Age Group
Apparel > Vests,Size
Apparel > Vests,Age Group
Apparel > Vests,Sport
Apparel > Winter Gloves,Size
Apparel > Winter Gloves,Age Group
Apparel > Winter Gloves,Sport
Baseball > Accessories & Other > Sunglasses,Size
Baseball > Accessories & Other > Sunglasses,Age Group
Baseball > Apparel & Jerseys > Compression & Base Layers,Size
Baseball > Apparel & Jerseys > Compression & Base Layers,Age Group
Baseball > Apparel & Jerseys > Hats,Size
Baseball > Apparel & Jerseys > Hats,Age Group
Baseball > Apparel & Jerseys > Jackets & Coats,Size
Baseball > Apparel & Jerseys > Jackets & Coats,Age Group
Baseball > Apparel & Jerseys > Jerseys,Size
Baseball > Apparel & Jerseys > Jerseys,Age Group
Baseball > Apparel & Jerseys > Other,Size
Baseball > Apparel & Jerseys > Other,Age Group
Baseball > Apparel & Jerseys > Pants,Size
Baseball > Apparel & Jerseys > Pants,Age Group
Baseball > Apparel & Jerseys > Shirts,Size
Baseball > Apparel & Jerseys > Shirts,Age Group
Baseball > Apparel & Jerseys > Shorts,Size
Baseball > Apparel & Jerseys > Shorts,Age Group
Baseball > Apparel & Jerseys > Sweatshirts & Hoodies,Size
Baseball > Apparel & Jerseys > Sweatshirts & Hoodies,Age Group
Baseball > Bats,Length
"Baseball > Batter's Protection > Batter's Leg, Arm & Wrist Guards",Type
Baseball > Batter's Protection > Batting Helmets,Size
Baseball > Batting Gloves,Size
Baseball > Catcher's Equipment > Catcher's Gloves,Size
Baseball > Catcher's Equipment > Catcher's Gloves,Throwing Hand
Baseball > Footwear,Size
Baseball > Gloves & Mitts,Throwing Hand
Baseball > Gloves & Mitts,Size
Basketball > Apparel & Jerseys > Compression & Base Layers,Size
Basketball > Apparel & Jerseys > Compression & Base Layers,Age Group
Basketball > Apparel & Jerseys > Hats,Size
Basketball > Apparel & Jerseys > Hats,Age Group
Basketball > Apparel & Jerseys > Jerseys,Size
Basketball > Apparel & Jerseys > Jerseys,Age Group
Basketball > Apparel & Jerseys > Pants,Size
Basketball > Apparel & Jerseys > Pants,Age Group
Basketball > Apparel & Jerseys > Shirts,Size
Basketball > Apparel & Jerseys > Shirts,Age Group
Basketball > Apparel & Jerseys > Shorts,Size
Basketball > Apparel & Jerseys > Shorts,Age Group
Basketball > Apparel & Jerseys > Socks,Size
Basketball > Apparel & Jerseys > Socks,Age Group
Basketball > Apparel & Jerseys > Sweatshirts & Hoodies,Size
Basketball > Apparel & Jerseys > Sweatshirts & Hoodies,Age Group
Basketball > Shoes,Size
Bikes > Apparel > Jackets & Coats,Size
Bikes > Apparel > Jackets & Coats,Age Group
Bikes > Apparel > Jerseys,Size
Bikes > Apparel > Jerseys,Age Group
Bikes > Apparel > Other,Size
Bikes > Apparel > Other,Age Group
Bikes > Apparel > Pants,Size
Bikes > Apparel > Pants,Age Group
Bikes > Apparel > Shirts,Size
Bikes > Apparel > Shirts,Age Group
Bikes > Apparel > Shorts,Size
Bikes > Apparel > Shorts,Age Group
Bikes > Apparel > Socks,Size
Bikes > Apparel > Socks,Age Group
Bikes > Apparel > Sweatshirts & Hoodies,Size
Bikes > Apparel > Sweatshirts & Hoodies,Age Group
Bikes > Complete Bikes > Downhill (DH) Bikes,Wheel Size
Bikes > Drive Train > Hubs,Wheel Size
Bikes > Drive Train > Rims,Wheel Size
Bikes > Drive Train > Tires,Wheel Size
Bikes > Drive Train > Tubes,Wheel Size
Bikes > Drive Train > Wheels & Wheelsets,Wheel Size
Bikes > Footwear,Size
Bikes > Helmets,Size
"Bikes > Training, Accessories & Other > Gloves",Size
"Bikes > Training, Accessories & Other > Sunglasses",Size
"Bikes > Training, Accessories & Other > Sunglasses",Age Group
Field Hockey > Field Hockey Apparel > Compression & Base Layers,Size
Field Hockey > Field Hockey Apparel > Compression & Base Layers,Age Group
Field Hockey > Field Hockey Apparel > Jackets & Coats,Size
Field Hockey > Field Hockey Apparel > Jackets & Coats,Age Group
Field Hockey > Field Hockey Apparel > Pants,Size
Field Hockey > Field Hockey Apparel > Pants,Age Group
Field Hockey > Field Hockey Apparel > Shirts,Size
Field Hockey > Field Hockey Apparel > Shirts,Age Group
Field Hockey > Field Hockey Apparel > Shorts,Size
Field Hockey > Field Hockey Apparel > Shorts,Age Group
Figure Skating > Figure Skates,Skate Size
Fishing > Apparel > Hats,Size
Fishing > Apparel > Hats,Age Group
Fishing > Apparel > Jackets & Coats,Size
Fishing > Apparel > Jackets & Coats,Age Group
Fishing > Apparel > Pants,Size
Fishing > Apparel > Pants,Age Group
Fishing > Apparel > Shirts,Size
Fishing > Apparel > Shirts,Age Group
Fishing > Apparel > Shorts,Size
Fishing > Apparel > Shorts,Age Group
Fishing > Apparel > Sunglasses,Size
Fishing > Apparel > Sunglasses,Age Group
Fishing > Apparel > Vests,Size
Fishing > Apparel > Vests,Age Group
Fishing > Apparel > Waders,Age Group
Football > Apparel > Base Layers & Compression,Size
Football > Apparel > Base Layers & Compression,Age Group
Football > Apparel > Hats,Size
Football > Apparel > Hats,Age Group
Football > Apparel > Jackets & Coats,Size
Football > Apparel > Jackets & Coats,Age Group
Football > Apparel > Jerseys,Size
Football > Apparel > Jerseys,Age Group
Football > Apparel > Pants,Size
Football > Apparel > Pants,Age Group
Football > Apparel > Shirts,Size
Football > Apparel > Shirts,Age Group
Football > Apparel > Shorts,Size
Football > Apparel > Shorts,Age Group
Football > Apparel > Sweatshirts & Hoodies,Size
Football > Apparel > Sweatshirts & Hoodies,Age Group
Football > Cleats,Size
Football > Cleats,Age Group
Football > Protective > Girdles,Size
Football > Protective > Helmets,Size
Football > Protective > Shoulder Pads,Size
Footwear > Boots,Size
Footwear > Boots,Age Group
Footwear > Boots,Sport
Footwear > Cleats,Size
Footwear > Cleats,Age Group
Footwear > Cleats,Sport
Footwear > Cycling,Size
Footwear > Cycling,Age Group
Footwear > Golf,Size
Footwear > Golf,Age Group
Footwear > Other,Size
Footwear > Other,Age Group
Footwear > Other,Sport
Footwear > Sandals & Slides,Size
Footwear > Sandals & Slides,Age Group
Footwear > Sandals & Slides,Sport
"Footwear > Turfs, Indoor, Sneakers & Training",Size
"Footwear > Turfs, Indoor, Sneakers & Training",Age Group
"Footwear > Turfs, Indoor, Sneakers & Training",Sport
Golf > Apparel > Hats & Visors,Size
Golf > Apparel > Hats & Visors,Age Group
Golf > Apparel > Jackets & Coats,Size
Golf > Apparel > Jackets & Coats,Age Group
Golf > Apparel > Other,Age Group
Golf > Apparel > Other,Size
Golf > Apparel > Pants,Size
Golf > Apparel > Pants,Age Group
Golf > Apparel > Shirts,Size
Golf > Apparel > Shirts,Age Group
Golf > Apparel > Shorts,Size
Golf > Apparel > Shorts,Age Group
Golf > Apparel > Socks,Size
Golf > Apparel > Socks,Age Group
Golf > Apparel > Sweatshirts & Hoodies,Size
Golf > Apparel > Sweatshirts & Hoodies,Age Group
Golf > Clubs > Club Heads,Hand
Golf > Clubs > Club Heads,Club Type
Golf > Clubs > Complete Sets,Hand
Golf > Clubs > Drivers,Hand
Golf > Clubs > Fairway Woods,Hand
Golf > Clubs > Hybrids,Hand
Golf > Clubs > Iron Sets,Hand
Golf > Clubs > Putters,Hand
Golf > Clubs > Single Irons,Hand
Golf > Clubs > Wedges,Hand
Golf > Headcovers,Club Type
Golf > On-Course > Gloves,Hand
Golf > Shoes,Size
Hike & Camp > Apparel > Base Layers,Size
Hike & Camp > Apparel > Base Layers,Age Group
Hike & Camp > Apparel > Jackets & Coats,Size
Hike & Camp > Apparel > Jackets & Coats,Age Group
Hike & Camp > Apparel > Pants,Size
Hike & Camp > Apparel > Pants,Age Group
Hike & Camp > Apparel > Shirts,Size
Hike & Camp > Apparel > Shirts,Age Group
Hike & Camp > Apparel > Shorts,Size
Hike & Camp > Apparel > Shorts,Age Group
Hike & Camp > Apparel > Socks,Size
Hike & Camp > Apparel > Socks,Age Group
Hike & Camp > Apparel > Sunglasses,Size
Hike & Camp > Apparel > Sunglasses,Age Group
Hike & Camp > Apparel > Sweatshirts & Hoodies,Size
Hike & Camp > Apparel > Sweatshirts & Hoodies,Age Group
Hike & Camp > Hiking Boots & Shoes,Size
Hike & Camp > Hiking Boots & Shoes,Age Group
"Hockey > Apparel, Jerseys & Socks > Compression & Base Layers",Age Group
"Hockey > Apparel, Jerseys & Socks > Compression & Base Layers",Size
"Hockey > Apparel, Jerseys & Socks > Hats",Size
"Hockey > Apparel, Jerseys & Socks > Hats",Age Group
"Hockey > Apparel, Jerseys & Socks > Jackets & Coats",Size
"Hockey > Apparel, Jerseys & Socks > Jackets & Coats",Age Group
"Hockey > Apparel, Jerseys & Socks > Jerseys",Size
"Hockey > Apparel, Jerseys & Socks > Jerseys",Age Group
"Hockey > Apparel, Jerseys & Socks > Pants",Size
"Hockey > Apparel, Jerseys & Socks > Pants",Age Group
"Hockey > Apparel, Jerseys & Socks > Shirts",Size
"Hockey > Apparel, Jerseys & Socks > Shirts",Age Group
"Hockey > Apparel, Jerseys & Socks > Shorts",Size
"Hockey > Apparel, Jerseys & Socks > Shorts",Age Group
"Hockey > Apparel, Jerseys & Socks > Skate Socks",Size
"Hockey > Apparel, Jerseys & Socks > Skate Socks",Age Group
"Hockey > Apparel, Jerseys & Socks > Socks",Size
"Hockey > Apparel, Jerseys & Socks > Socks",Age Group
"Hockey > Apparel, Jerseys & Socks > Sweatshirts & Hoodies",Size
"Hockey > Apparel, Jerseys & Socks > Sweatshirts & Hoodies",Age Group
Hockey > Gloves,Size
Hockey > Goalie > Goalie Chest & Arm Protectors,Size
Hockey > Goalie > Goalie Chest & Arm Protectors,Age Group
Hockey > Goalie > Goalie Full Sets,Size
Hockey > Goalie > Goalie Full Sets,Hand
Hockey > Goalie > Goalie Gloves & Blockers,Hand
Hockey > Goalie > Goalie Gloves & Blockers,Age Group
Hockey > Goalie > Goalie Leg Pads,Size
Hockey > Goalie > Goalie Masks,Age Group
Hockey > Goalie > Goalie Pants,Size
Hockey > Goalie > Goalie Pants,Age Group
Hockey > Goalie > Goalie Skates,Skate Size
Hockey > Goalie > Goalie Skates,Skate Width
Hockey > Goalie > Goalie Skates,Age Group
Hockey > Goalie > Goalie Sticks,Hand
Hockey > Helmets,Size
"Hockey > Inline, Roller & Street > Chassis",Size
"Hockey > Inline, Roller & Street > Girdles",Age Group
"Hockey > Inline, Roller & Street > Girdles",Size
"Hockey > Inline, Roller & Street > Inline Pants",Age Group
"Hockey > Inline, Roller & Street > Inline Skates",Skate Width
"Hockey > Inline, Roller & Street > Inline Skates",Skate Size
"Hockey > Inline, Roller & Street > Inline Skates",Age Group
"Hockey > Inline, Roller & Street > Neck Guards, Wrist Guards, Padded Shirts & Other",Age Group
"Hockey > Pants, Girdles & Shells > Girdles",Age Group
"Hockey > Pants, Girdles & Shells > Girdles",Size
"Hockey > Pants, Girdles & Shells > Goalie Pants",Size
"Hockey > Pants, Girdles & Shells > Goalie Pants",Age Group
"Hockey > Pants, Girdles & Shells > Inline Pants",Size
"Hockey > Pants, Girdles & Shells > Inline Pants",Age Group
"Hockey > Pants, Girdles & Shells > Pant Shells",Size
"Hockey > Pants, Girdles & Shells > Pant Shells",Age Group
"Hockey > Pants, Girdles & Shells > Player Pants",Size
"Hockey > Pants, Girdles & Shells > Player Pants",Age Group
Hockey > Protective > Elbow Pads,Size
Hockey > Protective > Elbow Pads,Age Group
Hockey > Protective > Shin Pads,Size
Hockey > Protective > Shoulder Pads,Size
Hockey > Skates > Goalie Skates,Skate Size
Hockey > Skates > Goalie Skates,Age Group
"Hockey > Skates > Holders, Runners, & Replacement Steel",Size
Hockey > Skates > Inline Skates,Skate Size
Hockey > Skates > Player Skates,Age Group
Hockey > Skates > Player Skates,Skate Size
Hockey > Starter Kits (Full Sets),Age Group
Hockey > Sticks > Blades,Age Group
Hockey > Sticks > Blades,Hand
Hockey > Sticks > Goalie Sticks,Hand
Hockey > Sticks > Goalie Sticks,Size
Hockey > Sticks > One Piece Sticks,Hand
Hockey > Sticks > One Piece Sticks,Flex
Hockey > Sticks > Shafts,Age Group
Hockey > Sticks > Shafts,Flex
"Hockey > Training, Accessories, & Other > Cages, Visors & Shields",Size
"Hockey > Training, Accessories, & Other > Holders, Runners & Replacement Steel",Size
"Inline, Roller & Street Hockey > Chassis",Size
"Inline, Roller & Street Hockey > Girdles",Size
"Inline, Roller & Street Hockey > Girdles",Age Group
"Inline, Roller & Street Hockey > Inline Pants",Age Group
"Inline, Roller & Street Hockey > Neck Guards, Wrist Guards, Padded Shirts & Other",Age Group
"Inline, Roller & Street Hockey > Skates",Skate Width
"Inline, Roller & Street Hockey > Skates",Skate Size
"Inline, Roller & Street Hockey > Skates",Age Group
Lacrosse > Apparel > Compression & Base Layers,Size
Lacrosse > Apparel > Compression & Base Layers,Age Group
Lacrosse > Apparel > Hats,Size
Lacrosse > Apparel > Hats,Age Group
Lacrosse > Apparel > Jackets & Coats,Size
Lacrosse > Apparel > Jackets & Coats,Age Group
Lacrosse > Apparel > Jerseys & Pinnies,Size
Lacrosse > Apparel > Jerseys & Pinnies,Age Group
Lacrosse > Apparel > Shirts,Size
Lacrosse > Apparel > Shirts,Age Group
Lacrosse > Apparel > Shorts,Size
Lacrosse > Apparel > Shorts,Age Group
Lacrosse > Apparel > Socks,Size
Lacrosse > Apparel > Socks,Age Group
Lacrosse > Apparel > Sweatshirts & Hoodies,Size
Lacrosse > Apparel > Sweatshirts & Hoodies,Age Group
Lacrosse > Footwear,Size
Lacrosse > Footwear,Age Group
Lacrosse > Gloves,Size
Lacrosse > Goalie > Gloves,Size
Lacrosse > Goalie > Goalie Chest Protectors,Size
Lacrosse > Goalie > Goalie Chest Protectors,Age Group
Lacrosse > Goalie > Goalie Heads,Strung / Unstrung
Lacrosse > Goalie > Goalie Pants,Size
Lacrosse > Goalie > Goalie Pants,Age Group
Lacrosse > Goalie > Goalie Shin & Arm Guards,Size
Lacrosse > Goalie > Goalie Shin & Arm Guards,Age Group
Lacrosse > Goalie > Helmets,Age Group
Lacrosse > Protective > Arm Pads,Size
Lacrosse > Protective > Chest & Shoulder Pads,Size
Memorabilia,Sport
Skiing > Apparel & Outerwear > Base Layers,Size
Skiing > Apparel & Outerwear > Base Layers,Age Group
Skiing > Apparel & Outerwear > Gloves & Mittens,Size
Skiing > Apparel & Outerwear > Gloves & Mittens,Age Group
Skiing > Apparel & Outerwear > Hats,Size
Skiing > Apparel & Outerwear > Hats,Age Group
Skiing > Apparel & Outerwear > Jackets & Coats,Size
Skiing > Apparel & Outerwear > Jackets & Coats,Age Group
Skiing > Apparel & Outerwear > Other,Size
Skiing > Apparel & Outerwear > Other,Age Group
Skiing > Apparel & Outerwear > Shirts,Size
Skiing > Apparel & Outerwear > Shirts,Age Group
Skiing > Apparel & Outerwear > Shorts,Size
Skiing > Apparel & Outerwear > Shorts,Age Group
Skiing > Apparel & Outerwear > Ski Pants & Bibs,Size
Skiing > Apparel & Outerwear > Ski Pants & Bibs,Age Group
Skiing > Apparel & Outerwear > Ski Socks,Size
Skiing > Apparel & Outerwear > Ski Socks,Age Group
Skiing > Apparel & Outerwear > Ski Suits,Size
Skiing > Apparel & Outerwear > Sweatshirts & Hoodies,Size
Skiing > Apparel & Outerwear > Sweatshirts & Hoodies,Age Group
Skiing > Apparel & Outerwear > Vests,Size
Skiing > Apparel & Outerwear > Vests,Age Group
Skiing > Boots > Cross Country Boots,Boot Size
Skiing > Boots > Downhill Boots,Boot Size
Skiing > Boots > Telemark Boots,Boot Size
Skiing > Helmets,Size
Skiing > Poles,Size
Skiing > Protective Gear > Back Plates,Size
Skiing > Protective Gear > Bottom Body Armor,Size
Skiing > Protective Gear > Forearm Guards & Punch Covers,Size
Skiing > Protective Gear > Shin Guards,Size
Skiing > Protective Gear > Top Body Armor,Size
Skiing > Skis > Cross Country Skis,Size
Skiing > Skis > Downhill Skis,Size
"Skiing > Training, Accessories, Backcountry & Other > Climbing Skins",Size
Snowboarding > Apparel & Outerwear > Base Layers,Size
Snowboarding > Apparel & Outerwear > Base Layers,Age Group
Snowboarding > Apparel & Outerwear > Gloves & Mittens,Size
Snowboarding > Apparel & Outerwear > Gloves & Mittens,Age Group
Snowboarding > Apparel & Outerwear > Hats,Size
Snowboarding > Apparel & Outerwear > Hats,Age Group
Snowboarding > Apparel & Outerwear > Jackets & Coats,Size
Snowboarding > Apparel & Outerwear > Jackets & Coats,Age Group
Snowboarding > Apparel & Outerwear > Other,Size
Snowboarding > Apparel & Outerwear > Other,Age Group
Snowboarding > Apparel & Outerwear > Shirts,Size
Snowboarding > Apparel & Outerwear > Shirts,Age Group
Snowboarding > Apparel & Outerwear > Shorts,Size
Snowboarding > Apparel & Outerwear > Shorts,Age Group
Snowboarding > Apparel & Outerwear > Snowboarding Pants & Bibs,Size
Snowboarding > Apparel & Outerwear > Snowboarding Pants & Bibs,Age Group
Snowboarding > Apparel & Outerwear > Socks,Size
Snowboarding > Apparel & Outerwear > Socks,Age Group
Snowboarding > Apparel & Outerwear > Sweatshirts & Hoodies,Size
Snowboarding > Apparel & Outerwear > Sweatshirts & Hoodies,Age Group
Snowboarding > Apparel & Outerwear > Vests,Size
Snowboarding > Apparel & Outerwear > Vests,Age Group
Snowboarding > Bindings,Size
Snowboarding > Boots,Size
Snowboarding > Helmets,Size
Snowboarding > Protective Gear > Back Plates,Size
Snowboarding > Protective Gear > Bottom Body Armor,Size
Snowboarding > Protective Gear > Knee & Shin Pads,Size
Snowboarding > Protective Gear > Top Body Armor,Size
Snowboarding > Snowboards,Size
Snowshoe > Apparel & Outerwear > Base Layers,Size
Snowshoe > Apparel & Outerwear > Base Layers,Age Group
Snowshoe > Apparel & Outerwear > Hats,Size
Snowshoe > Apparel & Outerwear > Hats,Age Group
Snowshoe > Apparel & Outerwear > Jackets & Coats,Size
Snowshoe > Apparel & Outerwear > Jackets & Coats,Age Group
Snowshoe > Apparel & Outerwear > Shirts,Size
Snowshoe > Apparel & Outerwear > Shirts,Age Group
Snowshoe > Apparel & Outerwear > Shorts,Size
Snowshoe > Apparel & Outerwear > Shorts,Age Group
Snowshoe > Apparel & Outerwear > Snow Pants,Size
Snowshoe > Apparel & Outerwear > Snow Pants,Age Group
Snowshoe > Apparel & Outerwear > Sunglasses,Size
Snowshoe > Apparel & Outerwear > Sunglasses,Age Group
Snowshoe > Apparel & Outerwear > Winter Gloves,Size
Snowshoe > Apparel & Outerwear > Winter Gloves,Age Group
Soccer > Apparel & Jerseys > Compression & Base Layers,Size
Soccer > Apparel & Jerseys > Compression & Base Layers,Age Group
Soccer > Apparel & Jerseys > Jerseys,Size
Soccer > Apparel & Jerseys > Other,Size
Soccer > Apparel & Jerseys > Other,Age Group
Soccer > Apparel & Jerseys > Pants,Size
Soccer > Apparel & Jerseys > Pants,Age Group
Soccer > Apparel & Jerseys > Shirts,Size
Soccer > Apparel & Jerseys > Shirts,Age Group
Soccer > Apparel & Jerseys > Shorts,Size
Soccer > Apparel & Jerseys > Shorts,Age Group
Soccer > Apparel & Jerseys > Socks,Size
Soccer > Apparel & Jerseys > Socks,Age Group
Soccer > Footwear,Size
Soccer > Goalkeeper > Bottoms,Size
Soccer > Goalkeeper > Bundles,Size
Soccer > Goalkeeper > Gloves,Size
Soccer > Goalkeeper > Tops,Size
Soccer > Shin Guards,Size
Softball > Accessories & Other > Sunglasses,Size
Softball > Accessories & Other > Sunglasses,Age Group
Softball > Bats,Length
Softball > Batting Gloves,Size
Softball > Catcher's Equipment > Catcher's Chest Protection,Size
Softball > Catcher's Equipment > Catcher's Combos,Size
Softball > Catcher's Equipment > Catcher's Gloves,Size
Softball > Catcher's Equipment > Catcher's Gloves,Throwing Hand
Softball > Catcher's Equipment > Catcher's Leg Guards,Size
Softball > Catcher's Equipment > Catcher's Masks,Size
Softball > Footwear,Size
Softball > Gloves & Mitts,Throwing Hand
Softball > Gloves & Mitts,Size
"Softball > Helmets & Protective Gear > Batter's Leg, Arm & Wrist Guards",Type
Softball > Helmets & Protective Gear > Batting Helmets,Size
Softball > Helmets & Protective Gear > Fielder's Face Guards,Age Group
Softball > Softball Apparel & Jerseys > Compression & Base Layers,Size
Softball > Softball Apparel & Jerseys > Compression & Base Layers,Age Group
Softball > Softball Apparel & Jerseys > Hats,Size
Softball > Softball Apparel & Jerseys > Hats,Age Group
Softball > Softball Apparel & Jerseys > Jackets & Coats,Size
Softball > Softball Apparel & Jerseys > Jackets & Coats,Age Group
Softball > Softball Apparel & Jerseys > Jerseys,Size
Softball > Softball Apparel & Jerseys > Jerseys,Age Group
Softball > Softball Apparel & Jerseys > Pants,Size
Softball > Softball Apparel & Jerseys > Pants,Age Group
Softball > Softball Apparel & Jerseys > Shirts,Size
Softball > Softball Apparel & Jerseys > Shirts,Age Group
Softball > Softball Apparel & Jerseys > Shorts,Size
Softball > Softball Apparel & Jerseys > Shorts,Age Group
Softball > Softball Apparel & Jerseys > Sweatshirts & Hoodies,Size
Softball > Softball Apparel & Jerseys > Sweatshirts & Hoodies,Age Group
Tennis & Racquet Sports > Apparel > Hats,Age Group
Tennis & Racquet Sports > Apparel > Hats,Size
Tennis & Racquet Sports > Apparel > Jackets & Coats,Age Group
Tennis & Racquet Sports > Apparel > Jackets & Coats,Size
Tennis & Racquet Sports > Apparel > Shirts,Size
Tennis & Racquet Sports > Apparel > Shirts,Age Group
Tennis & Racquet Sports > Apparel > Shorts,Age Group
Tennis & Racquet Sports > Apparel > Shorts,Size
Tennis & Racquet Sports > Apparel > Sweatshirts & Hoodies,Age Group
Tennis & Racquet Sports > Apparel > Sweatshirts & Hoodies,Size
Tennis & Racquet Sports > Racquets & Paddles > Tennis Racquets,Grip Size
Tennis & Racquet Sports > Tennis Shoes,Size
Tennis & Racquet Sports > Tennis Shoes,Age Group
Women's Lacrosse > Apparel > Jackets & Coats,Size
Women's Lacrosse > Apparel > Jackets & Coats,Age Group
Women's Lacrosse > Apparel > Jerseys,Size
Women's Lacrosse > Apparel > Jerseys,Age Group
Women's Lacrosse > Apparel > Pants,Size
Women's Lacrosse > Apparel > Pants,Age Group
Women's Lacrosse > Apparel > Shirts,Size
Women's Lacrosse > Apparel > Shirts,Age Group
Women's Lacrosse > Apparel > Shorts,Size
Women's Lacrosse > Apparel > Shorts,Age Group
Women's Lacrosse > Apparel > Sweatshirts & Hoodies,Size
Women's Lacrosse > Apparel > Sweatshirts & Hoodies,Age Group
Women's Lacrosse > Footwear,Size
Women's Lacrosse > Gloves,Position
Women's Lacrosse > Goalie > Goalie Chest Protection,Size
Women's Lacrosse > Goalie > Goalie Gloves,Size
Women's Lacrosse > Goalie > Goalie Heads,Strung / Unstrung
Women's Lacrosse > Goggles & Headgear > Helmets,Age Group
Women's Lacrosse > Sticks > Heads,Strung / Unstrung
